"Santa Maria-Santa Barbara, CA"
"Red Bluff, CA"
"Salinas, CA"
"Sacramento-Roseville-Folsom, CA"
"Los Angeles-Long Beach-Anaheim, CA"
"San Jose-Sunnyvale-Santa Clara, CA"
"Santa Rosa-Petaluma, CA"
"Bakersfield, CA"
"Madera, CA"
"Ukiah, CA"
"Visalia, CA"
"Yuba City, CA"
"San Diego-Chula Vista-Carlsbad, CA"
"Modesto, CA"
"Redding, CA"
"Fresno, CA"
"San Francisco-Oakland-Berkeley, CA"
"Susanville, CA"
"Crescent City, CA"
"San Luis Obispo-Paso Robles, CA"
"Napa, CA"
"Stockton, CA"
"Truckee-Grass Valley, CA"
"Riverside-San Bernardino-Ontario, CA"
"Oxnard-Thousand Oaks-Ventura, CA"
"Sonora, CA"
"Clearlake, CA"
"Chico, CA"
"Santa Cruz-Watsonville, CA"
"Merced, CA"
"Vallejo, CA"
"Hanford-Corcoran, CA"
"Eureka-Arcata, CA"
"Urban Honolulu, HI"
"Hilo, HI"
"Kapaa, HI"
"Kahului-Wailuku-Lahaina, HI"
"Reno, NV"
"Fernley, NV"
"Gardnerville Ranchos, NV"
"Fallon, NV"
"Carson City, NV"
"Astoria, OR"
"Corvallis, OR"
"Hood River, OR"
"Portland-Vancouver-Hillsboro, OR-WA"
"Medford, OR"
"Eugene-Springfield, OR"
"Salem, OR"
"Prineville, OR"
"Newport, OR"
"Brookings, OR"
"Coos Bay, OR"
"The Dalles, OR"
"Roseburg, OR"
"Albany-Lebanon, OR"
"Klamath Falls, OR"
"Bend, OR"
"Grants Pass, OR"
"Seattle-Tacoma-Bellevue, WA"
"Bremerton-Silverdale-Port Orchard, WA"
"Shelton, WA"
"Olympia-Lacey-Tumwater, WA"
"Centralia, WA"
"Longview, WA"
"Oak Harbor, WA"
"Aberdeen, WA"
"Jasper, AL"
"Birmingham-Hoover, AL"
"Florence-Muscle Shoals, AL"
"Huntsville, AL"
"Decatur, AL"
"Daphne-Fairhope-Foley, AL"
"Selma, AL"
"Mobile, AL"
"Tuscaloosa, AL"
"Atmore, AL"
"Cullman, AL"
"Tucson, AZ"
"Show Low, AZ"
"Yuma, AZ"
"Payson, AZ"
"Prescott Valley-Prescott, AZ"
"Phoenix-Mesa-Chandler, AZ"
"Nogales, AZ"
"Safford, AZ"
"Sierra Vista-Douglas, AZ"
"Little Rock-North Little Rock-Conway, AR"
"Fort Smith, AR-OK"
"Helena-West Helena, AR"
"Jonesboro, AR"
"Camden, AR"
"Magnolia, AR"
"Texarkana, TX-AR"
"Pine Bluff, AR"
"Forrest City, AR"
"Memphis, TN-MS-AR"
"El Dorado, AR"
"Hope, AR"
"Hot Springs, AR"
"Russellville, AR"
"Searcy, AR"
"Arkadelphia, AR"
"Malvern, AR"
"El Centro, CA"
"Pensacola-Ferry Pass-Brent, FL"
"Alexandria, LA"
"New Orleans-Metairie, LA"
"Monroe, LA"
"Baton Rouge, LA"
"Natchitoches, LA"
"Lafayette, LA"
"Bogalusa, LA"
"Minden, LA"
"Houma-Thibodaux, LA"
"Morgan City, LA"
"Lake Charles, LA"
"DeRidder, LA"
"Natchez, MS-LA"
"Fort Polk South, LA"
"Shreveport-Bossier City, LA"
"Jennings, LA"
"Hammond, LA"
"Opelousas, LA"
"Ruston, LA"
"Hattiesburg, MS"
"West Point, MS"
"Greenville, MS"
"Jackson, MS"
"Laurel, MS"
"Grenada, MS"
"Cleveland, MS"
"Starkville, MS"
"Indianola, MS"
"Vicksburg, MS"
"Gulfport-Biloxi, MS"
"McComb, MS"
"Tupelo, MS"
"Meridian, MS"
"Corinth, MS"
"Clarksdale, MS"
"Greenwood, MS"
"Oxford, MS"
"Columbus, MS"
"Picayune, MS"
"Brookhaven, MS"
"Alamogordo, NM"
"Silver City, NM"
"Hobbs, NM"
"Albuquerque, NM"
"Carlsbad-Artesia, NM"
"Clovis, NM"
"Grants, NM"
"Portales, NM"
"Roswell, NM"
"Las Cruces, NM"
"Santa Fe, NM"
"Ruidoso, NM"
"Deming, NM"
"Oklahoma City, OK"
"Ada, OK"
"Elk City, OK"
"Ardmore, OK"
"Duncan, OK"
"Durant, OK"
"Altus, OK"
"Muskogee, OK"
"Lawton, OK"
"Weatherford, OK"
"McAlester, OK"
"Tulsa, OK"
"Shawnee, OK"
"Jackson, TN"
"Lawrenceburg, TN"
"Brownsville, TN"
"Dallas-Fort Worth-Arlington, TX"
"Big Spring, TX"
"Houston-The Woodlands-Sugar Land, TX"
"San Angelo, TX"
"Alice, TX"
"Rio Grande City-Roma, TX"
"Austin-Round Rock-Georgetown, TX"
"Paris, TX"
"Abilene, TX"
"Tyler, TX"
"San Antonio-New Braunfels, TX"
"Killeen-Temple, TX"
"Amarillo, TX"
"Raymondville, TX"
"Nacogdoches, TX"
"Laredo, TX"
"Snyder, TX"
"Kingsville, TX"
"Hereford, TX"
"Brownwood, TX"
"Del Rio, TX"
"Huntsville, TX"
"Zapata, TX"
"Mineral Wells, TX"
"Corpus Christi, TX"
"Lubbock, TX"
"Wichita Falls, TX"
"Mount Pleasant, TX"
"College Station-Bryan, TX"
"Beaumont-Port Arthur, TX"
"Pampa, TX"
"Fredericksburg, TX"
"Uvalde, TX"
"Waco, TX"
"Sherman-Denison, TX"
"Pecos, TX"
"Victoria, TX"
"Bay City, TX"
"Plainview, TX"
"Lamesa, TX"
"El Campo, TX"
"Longview, TX"
"McAllen-Edinburg-Mission, TX"
"Midland, TX"
"Stephenville, TX"
"Sulphur Springs, TX"
"Corsicana, TX"
"El Paso, TX"
"Brenham, TX"
"Eagle Pass, TX"
"Brownsville-Harlingen, TX"
"Odessa, TX"
"Athens, TX"
"Lufkin, TX"
"Palestine, TX"
"Andrews, TX"
"Rockport, TX"
"Beeville, TX"
"Jacksonville, TX"
"Bonham, TX"
"Pearsall, TX"
"Levelland, TX"
"Kerrville, TX"
"Gainesville, TX"
"Vernon, TX"
"Granbury, TX"
"Sweetwater, TX"
"Port Lavaca, TX"
"Eufaula, AL-GA"
"Dothan, AL"
"Montgomery, AL"
"Enterprise, AL"
"Albertville, AL"
"Talladega-Sylacauga, AL"
"Gadsden, AL"
"Alexander City, AL"
"Ozark, AL"
"Anniston-Oxford, AL"
"Scottsboro, AL"
"Fort Payne, AL"
"LaGrange, GA-AL"
"Troy, AL"
"Auburn-Opelika, AL"
"Columbus, GA-AL"
"Palm Bay-Melbourne-Titusville, FL"
"Miami-Fort Lauderdale-Pompano Beach, FL"
"Homosassa Springs, FL"
"Key West, FL"
"North Port-Sarasota-Bradenton, FL"
"Jacksonville, FL"
"Cape Coral-Fort Myers, FL"
"Okeechobee, FL"
"Orlando-Kissimmee-Sanford, FL"
"Tallahassee, FL"
"Tampa-St. Petersburg-Clearwater, FL"
"Lake City, FL"
"Ocala, FL"
"Port St. Lucie, FL"
"Sebring-Avon Park, FL"
"Clewiston, FL"
"Gainesville, FL"
"Panama City, FL"
"Deltona-Daytona Beach-Ormond Beach, FL"
"Crestview-Fort Walton Beach-Destin, FL"
"Arcadia, FL"
"Punta Gorda, FL"
"Lakeland-Winter Haven, FL"
"Sebastian-Vero Beach, FL"
"Naples-Marco Island, FL"
"Wauchula, FL"
"Palatka, FL"
"The Villages, FL"
"Chattanooga, TN-GA"
"Atlanta-Sandy Springs-Alpharetta, GA"
"Athens-Clarke County, GA"
"Valdosta, GA"
"Savannah, GA"
"Cedartown, GA"
"St. Marys, GA"
"Brunswick, GA"
"Americus, GA"
"Macon-Bibb County, GA"
"Waycross, GA"
"Dalton, GA"
"Augusta-Richmond County, GA-SC"
"Milledgeville, GA"
"Warner Robins, GA"
"Vidalia, GA"
"Hinesville, GA"
"Dublin, GA"
"Albany, GA"
"Douglas, GA"
"Summerville, GA"
"Gainesville, GA"
"Thomasville, GA"
"Cordele, GA"
"Jesup, GA"
"Bainbridge, GA"
"Statesboro, GA"
"Thomaston, GA"
"Tifton, GA"
"Toccoa, GA"
"Moultrie, GA"
"Rome, GA"
"Fitzgerald, GA"
"Calhoun, GA"
"Jefferson, GA"
"Cornelia, GA"
"Myrtle Beach-Conway-North Myrtle Beach, SC-NC"
"Wilmington, NC"
"Columbia, SC"
"Greenwood, SC"
"Charleston-North Charleston, SC"
"Greenville-Anderson, SC"
"Union, SC"
"Spartanburg, SC"
"Seneca, SC"
"Orangeburg, SC"
"Sumter, SC"
"Hilton Head Island-Bluffton, SC"
"Bennettsville, SC"
"Florence, SC"
"Georgetown, SC"
"Charlotte-Concord-Gastonia, NC-SC"
"Newberry, SC"
"Tullahoma-Manchester, TN"
"Cleveland, TN"
"Arecibo, PR"
"San Juan-Bayam籀n-Caguas, PR"
"Yauco, PR"
"Ponce, PR"
"Coamo, PR"
"Mayag羹ez, PR"
"Guayama, PR"
"Aguadilla-Isabela, PR"
"San Germ獺n, PR"
"Santa Isabel, PR"
"Coco, PR"
"Jayuya, PR"
"Flagstaff, AZ"
"Lake Havasu City-Kingman, AZ"
"Fayetteville-Springdale-Rogers, AR"
"Harrison, AR"
"Paragould, AR"
"Mountain Home, AR"
"Blytheville, AR"
"Batesville, AR"
"Edwards, CO"
"Ca簽on City, CO"
"Denver-Aurora-Lakewood, CO"
"Fort Collins, CO"
"Glenwood Springs, CO"
"Durango, CO"
"Breckenridge, CO"
"Fort Morgan, CO"
"Pueblo, CO"
"Grand Junction, CO"
"Boulder, CO"
"Craig, CO"
"Greeley, CO"
"Steamboat Springs, CO"
"Sterling, CO"
"Colorado Springs, CO"
"Montrose, CO"
"Hailey, ID"
"Moscow, ID"
"Boise City, ID"
"Sandpoint, ID"
"Twin Falls, ID"
"Idaho Falls, ID"
"Pocatello, ID"
"Coeur d'Alene, ID"
"Blackfoot, ID"
"Springfield, IL"
"Decatur, IL"
"Macomb, IL"
"Rockford, IL"
"Charleston-Mattoon, IL"
"Chicago-Naperville-Elgin, IL-IN-WI"
"Peoria, IL"
"Ottawa, IL"
"Sterling, IL"
"Ontario, OR-ID"
"Lewiston, ID-WA"
"Kankakee, IL"
"Mountain Home, ID"
"Burley, ID"
"Logan, UT-ID"
"Rexburg, ID"
"Effingham, IL"
"St. Louis, MO-IL"
"Centralia, IL"
"Paducah, KY-IL"
"Champaign-Urbana, IL"
"Davenport-Moline-Rock Island, IA-IL"
"Jackson, WY-ID"
"Carbondale-Marion, IL"
"Fort Madison-Keokuk, IA-IL-MO"
"Jacksonville, IL"
"Pontiac, IL"
"Galesburg, IL"
"Freeport, IL"
"Mount Vernon, IL"
"Taylorville, IL"
"Lincoln, IL"
"Cape Girardeau, MO-IL"
"Danville, IL"
"Bloomington, IL"
"Dixon, IL"
"Bloomington, IN"
"Indianapolis-Carmel-Anderson, IN"
"Vincennes, IN"
"Elkhart-Goshen, IN"
"Kokomo, IN"
"Michigan City-La Porte, IN"
"Plymouth, IN"
"Rochelle, IL"
"South Bend-Mishawaka, IN-MI"
"Washington, IN"
"Evansville, IN-KY"
"Jasper, IN"
"Lafayette-West Lafayette, IN"
"Peru, IN"
"Bedford, IN"
"Terre Haute, IN"
"Sioux City, IA-NE-SD"
"Marshalltown, IA"
"Muscatine, IA"
"Storm Lake, IA"
"Pella, IA"
"Iowa City, IA"
"Waterloo-Cedar Falls, IA"
"Cedar Rapids, IA"
"Oskaloosa, IA"
"Fairfield, IA"
"Quincy, IL-MO"
"Ames, IA"
"Spirit Lake, IA"
"Burlington, IA-IL"
"Des Moines-West Des Moines, IA"
"Dubuque, IA"
"Ottumwa, IA"
"Carroll, IA"
"Omaha-Council Bluffs, NE-IA"
"Crawfordsville, IN"
"Ottawa, KS"
"Coffeyville, KS"
"Kansas City, MO-KS"
"Garden City, KS"
"Hays, KS"
"Hutchinson, KS"
"Logansport, IN"
"Winfield, KS"
"Manhattan, KS"
"Topeka, KS"
"McPherson, KS"
"Great Bend, KS"
"Wichita, KS"
"Lawrence, KS"
"Frankfort, IN"
"Bowling Green, KY"
"Mayfield, KY"
"Central City, KY"
"Owensboro, KY"
"Warsaw, IN"
"Clarksville, TN-KY"
"Clinton, IA"
"Grand Rapids-Kentwood, MI"
"Marquette, MI"
"Houghton, MI"
"Fort Dodge, IA"
"Marinette, WI-MI"
"Niles, MI"
"Cadillac, MI"
"Traverse City, MI"
"Muskegon, MI"
"Spencer, IA"
"Ludington, MI"
"Minneapolis-St. Paul-Bloomington, MN-WI"
"Brainerd, MN"
"Mason City, IA"
"Rochester, MN"
"Fairmont, MN"
"St. Cloud, MN"
"Mankato, MN"
"Duluth, MN-WI"
"Worthington, MN"
"Faribault-Northfield, MN"
"Willmar, MN"
"Austin, MN"
"St. Joseph, MO-KS"
"Dodge City, KS"
"Emporia, KS"
"Fergus Falls, MN"
"Bemidji, MN"
"Pittsburg, KS"
"Liberal, KS"
"Parsons, KS"
"Winona, MN"
"Red Wing, MN"
"Salina, KS"
"Atchison, KS"
"Farmington, MO"
"Kirksville, MO"
"Columbia, MO"
"West Plains, MO"
"Madisonville, KY"
"Murray, KY"
"Rolla, MO"
"Branson, MO"
"Poplar Bluff, MO"
"Jefferson City, MO"
"Sedalia, MO"
"Joplin, MO"
"Sikeston, MO"
"Springfield, MO"
"Moberly, MO"
"Missoula, MT"
"Great Falls, MT"
"Holland, MI"
"Billings, MT"
"Bozeman, MT"
"Helena, MT"
"Kalispell, MT"
"Iron Mountain, MI-WI"
"Escanaba, MI"
"Lexington, NE"
"Lincoln, NE"
"North Platte, NE"
"Fremont, NE"
"Scottsbluff, NE"
"Grand Rapids, MN"
"Hutchinson, MN"
"Hastings, NE"
"Grand Island, NE"
"Alexandria, MN"
"Columbus, NE"
"Kearney, NE"
"Las Vegas-Henderson-Paradise, NV"
"Big Rapids, MI"
"Grand Forks, ND-MN"
"Pahrump, NV"
"La Crosse-Onalaska, WI-MN"
"Owatonna, MN"
"New Ulm, MN"
"Elko, NV"
"Farmington, NM"
"Fargo, ND-MN"
"Taos, NM"
"Kalamazoo-Portage, MI"
"Las Vegas, NM"
"Espa簽ola, NM"
"Gallup, NM"
"Bismarck, ND"
"Minot, ND"
"Wahpeton, ND-MN"
"Dickinson, ND"
"Jamestown, ND"
"Marshall, MN"
"Ponca City, OK"
"Miami, OK"
"Tahlequah, OK"
"Woodward, OK"
"Bartlesville, OK"
"Enid, OK"
"Albert Lea, MN"
"Hermiston-Pendleton, OR"
"La Grande, OR"
"Sioux Falls, SD"
"Brookings, SD"
"Vermillion, SD"
"Watertown, SD"
"Rapid City, SD"
"Huron, SD"
"Aberdeen, SD"
"Nashville-Davidson--Murfreesboro--Franklin, TN"
"Dyersburg, TN"
"Union City, TN"
"Martin, TN"
"Warrensburg, MO"
"Mexico, MO"
"Lewisburg, TN"
"Borger, TX"
"Price, UT"
"Salt Lake City, UT"
"Lebanon, MO"
"Fort Leonard Wood, MO"
"St. George, UT"
"Hannibal, MO"
"Kennett, MO"
"Marshall, MO"
"Heber, UT"
"Ogden-Clearfield, UT"
"Provo-Orem, UT"
"Yakima, WA"
"Wenatchee, WA"
"Ellensburg, WA"
"Kennewick-Richland, WA"
"Pullman, WA"
"Spokane-Spokane Valley, WA"
"Walla Walla, WA"
"Moses Lake, WA"
"Madison, WI"
"Green Bay, WI"
"Watertown-Fort Atkinson, WI"
"Maryville, MO"
"Appleton, WI"
"Butte-Silver Bow, MT"
"Wisconsin Rapids-Marshfield, WI"
"Milwaukee-Waukesha, WI"
"Eau Claire, WI"
"Racine, WI"
"Fond du Lac, WI"
"Oshkosh-Neenah, WI"
"Janesville-Beloit, WI"
"Norfolk, NE"
"Baraboo, WI"
"Stevens Point, WI"
"Sheboygan, WI"
"Manitowoc, WI"
"Wausau-Weston, WI"
"Whitewater, WI"
"Beaver Dam, WI"
"Beatrice, NE"
"Shawano, WI"
"Platteville, WI"
"Casper, WY"
"Cheyenne, WY"
"Gillette, WY"
"Rock Springs, WY"
"Riverton, WY"
"Los Alamos, NM"
"Williston, ND"
"Stillwater, OK"
"Guymon, OK"
"Winnemucca, NV"
"Mitchell, SD"
"Yankton, SD"
"Spearfish, SD"
"Pierre, SD"
"Paris, TN"
"Vernal, UT"
"Cedar City, UT"
"Dumas, TX"
"Othello, WA"
"Menomonie, WI"
"Laramie, WY"
"Sheridan, WY"
"Evanston, WY"
"Bridgeport-Stamford-Norwalk, CT"
"Norwich-New London, CT"
"Hartford-East Hartford-Middletown, CT"
"Worcester, MA-CT"
"Torrington, CT"
"New Haven-Milford, CT"
"Dover, DE"
"Philadelphia-Camden-Wilmington, PA-NJ-DE-MD"
"Salisbury, MD-DE"
"Washington-Arlington-Alexandria, DC-VA-MD-WV"
"Louisville/Jefferson County, KY-IN"
"Wabash, IN"
"Angola, IN"
"Cincinnati, OH-KY-IN"
"Auburn, IN"
"Connersville, IN"
"Bluffton, IN"
"Marion, IN"
"North Vernon, IN"
"Kendallville, IN"
"Richmond, IN"
"Huntington, IN"
"New Castle, IN"
"Madison, IN"
"Greensburg, IN"
"Fort Wayne, IN"
"Scottsburg, IN"
"Decatur, IN"
"Muncie, IN"
"Columbus, IN"
"Seymour, IN"
"Lexington-Fayette, KY"
"Campbellsville, KY"
"London, KY"
"Frankfort, KY"
"Middlesborough, KY"
"Danville, KY"
"Huntington-Ashland, WV-KY-OH"
"Elizabethtown-Fort Knox, KY"
"Mount Sterling, KY"
"Glasgow, KY"
"Richmond-Berea, KY"
"Bardstown, KY"
"Maysville, KY"
"Somerset, KY"
"Bangor, ME"
"Portland-South Portland, ME"
"Augusta-Waterville, ME"
"Lewiston-Auburn, ME"
"Baltimore-Columbia-Towson, MD"
"Cumberland, MD-WV"
"Easton, MD"
"Hagerstown-Martinsburg, MD-WV"
"California-Lexington Park, MD"
"Cambridge, MD"
"Providence-Warwick, RI-MA"
"Boston-Cambridge-Newton, MA-NH"
"Pittsfield, MA"
"Barnstable Town, MA"
"Springfield, MA"
"Vineyard Haven, MA"
"Midland, MI"
"Detroit-Warren-Dearborn, MI"
"Battle Creek, MI"
"Lansing-East Lansing, MI"
"Sault Ste. Marie, MI"
"Coldwater, MI"
"Sturgis, MI"
"Jackson, MI"
"Mount Pleasant, MI"
"Adrian, MI"
"Flint, MI"
"Monroe, MI"
"Alpena, MI"
"Bay City, MI"
"Alma, MI"
"Saginaw, MI"
"Hillsdale, MI"
"Ann Arbor, MI"
"Berlin, NH"
"Manchester-Nashua, NH"
"Keene, NH"
"Concord, NH"
"Laconia, NH"
"Lebanon, NH-VT"
"New York-Newark-Jersey City, NY-NJ-PA"
"Atlantic City-Hammonton, NJ"
"Allentown-Bethlehem-Easton, PA-NJ"
"Vineland-Bridgeton, NJ"
"Trenton-Princeton, NJ"
"Ocean City, NJ"
"Seneca Falls, NY"
"Buffalo-Cheektowaga, NY"
"Albany-Schenectady-Troy, NY"
"Binghamton, NY"
"Syracuse, NY"
"Jamestown-Dunkirk-Fredonia, NY"
"Glens Falls, NY"
"Kingston, NY"
"Gloversville, NY"
"Plattsburgh, NY"
"Rochester, NY"
"Malone, NY"
"Elmira, NY"
"Olean, NY"
"Utica-Rome, NY"
"Poughkeepsie-Newburgh-Middletown, NY"
"Watertown-Fort Drum, NY"
"Ithaca, NY"
"Hudson, NY"
"Ogdensburg-Massena, NY"
"Oneonta, NY"
"Cortland, NY"
"Amsterdam, NY"
"Batavia, NY"
"Auburn, NY"
"Corning, NY"
"Rockingham, NC"
"Raleigh-Cary, NC"
"Winston-Salem, NC"
"Morehead City, NC"
"Hickory-Lenoir-Morganton, NC"
"Fayetteville, NC"
"Durham-Chapel Hill, NC"
"Roanoke Rapids, NC"
"Elizabeth City, NC"
"Kinston, NC"
"Mount Airy, NC"
"Washington, NC"
"Lumberton, NC"
"Rocky Mount, NC"
"Greensboro-High Point, NC"
"Asheville, NC"
"Greenville, NC"
"Goldsboro, NC"
"Brevard, NC"
"Henderson, NC"
"Wilson, NC"
"Burlington, NC"
"Albemarle, NC"
"Virginia Beach-Norfolk-Newport News, VA-NC"
"Forest City, NC"
"Pinehurst-Southern Pines, NC"
"Boone, NC"
"Kill Devil Hills, NC"
"Cullowhee, NC"
"New Bern, NC"
"Sanford, NC"
"Laurinburg, NC"
"Shelby, NC"
"Jacksonville, NC"
"North Wilkesboro, NC"
"Marion, NC"
"Cleveland-Elyria, OH"
"Portsmouth, OH"
"Sidney, OH"
"Ashtabula, OH"
"Columbus, OH"
"Celina, OH"
"Fremont, OH"
"Wilmington, OH"
"Coshocton, OH"
"Springfield, OH"
"Washington Court House, OH"
"Lima, OH"
"Point Pleasant, WV-OH"
"Van Wert, OH"
"Mansfield, OH"
"Toledo, OH"
"Defiance, OH"
"Youngstown-Warren-Boardman, OH-PA"
"Wheeling, WV-OH"
"Canton-Massillon, OH"
"Dayton-Kettering, OH"
"Salem, OH"
"Norwalk, OH"
"Bellefontaine, OH"
"Bucyrus-Galion, OH"
"Sandusky, OH"
"Wooster, OH"
"Urbana, OH"
"New Philadelphia-Dover, OH"
"Tiffin, OH"
"Weirton-Steubenville, WV-OH"
"Chillicothe, OH"
"Marietta, OH"
"Athens, OH"
"Cambridge, OH"
"Zanesville, OH"
"Marion, OH"
"Akron, OH"
"Findlay, OH"
"Wapakoneta, OH"
"Jackson, OH"
"Ashland, OH"
"Mount Vernon, OH"
"Greenville, OH"
"Pittsburgh, PA"
"Johnstown, PA"
"Lock Haven, PA"
"Meadville, PA"
"Gettysburg, PA"
"Huntingdon, PA"
"DuBois, PA"
"New Castle, PA"
"Bloomsburg-Berwick, PA"
"East Stroudsburg, PA"
"York-Hanover, PA"
"Scranton--Wilkes-Barre, PA"
"Bradford, PA"
"Erie, PA"
"Harrisburg-Carlisle, PA"
"Reading, PA"
"St. Marys, PA"
"Oil City, PA"
"Pottsville, PA"
"Lewistown, PA"
"Williamsport, PA"
"Warren, PA"
"Sayre, PA"
"Lebanon, PA"
"Altoona, PA"
"Lewisburg, PA"
"Sunbury, PA"
"Somerset, PA"
"Chambersburg-Waynesboro, PA"
"State College, PA"
"Indiana, PA"
"Lancaster, PA"
"Selinsgrove, PA"
"Gaffney, SC"
"Knoxville, TN"
"Newport, TN"
"Sevierville, TN"
"Athens, TN"
"Johnson City, TN"
"Cookeville, TN"
"Greeneville, TN"
"McMinnville, TN"
"Morristown, TN"
"Shelbyville, TN"
"Kingsport-Bristol, TN-VA"
"Dayton, TN"
"Crossville, TN"
"Burlington-South Burlington, VT"
"Rutland, VT"
"Barre, VT"
"Bennington, VT"
"Lynchburg, VA"
"Roanoke, VA"
"Richmond, VA"
"Danville, VA"
"Martinsville, VA"
"Blacksburg-Christiansburg, VA"
"Charlottesville, VA"
"Harrisonburg, VA"
"Staunton, VA"
"Big Stone Gap, VA"
"Winchester, VA-WV"
"Bluefield, WV-VA"
"Morgantown, WV"
"Charleston, WV"
"Parkersburg-Vienna, WV"
"Fairmont, WV"
"Clarksburg, WV"
"Beckley, WV"
"Elkins, WV"
"Mount Gay-Shamrock, WV"
"Ketchikan, AK"
"Fairbanks, AK"
"Juneau, AK"
"Anchorage, AK"
"Mount Vernon-Anacortes, WA"
"Port Angeles, WA"
"Bellingham, WA"
